INSERT INTO Stage.stg_customers (customer_id, first_name, last_name, email, phone, address, city, state, zip_code, registration_date) VALUES
(1001, 'john', 'smith', 'john.smith@gmail.com', '555-123-4567', '123 main st', 'new york', 'NY', '10001', '2023-01-15'),
(1002, 'SARAH', 'JONES', 'sarah.jones@yahoo.com', '(555) 987-6543', '456 oak avenue', 'CHICAGO', 'IL', '60616', '2023-02-20'),
(1003, 'Mike', 'Brown', 'invalid-email', '5555555555', '789 pine rd', 'los angeles', 'CA', '90015', '2023-03-10'),
(1004, 'Lisa', 'Wilson', 'lisa.wilson@hotmail.com', NULL, '321 elm street apt 4b', 'Miami', 'FL', '33132', '2023-01-25'),
(1005, 'DAVID', 'TAYLOR', 'david.taylor@company.com', '555-444-3333', '', 'Houston', 'TX', '77002', '2023-04-05'),
(1006, 'Emily', 'Chen', 'emily.chen@gmail.com', '555-111-2222', '654 maple drive unit 12', 'Seattle', 'WA', '98101', '2023-02-28'),
(1007, 'Robert', 'Johnson', 'robert.johnson@outlook.com', '555-999-8888', '987 cedar ln', 'BOSTON', 'MA', '02108', NULL),
(1008, 'Jennifer', 'Davis', 'jennifer.davis@gmail.com', '555-777-6666', '159 birch way', 'Atlanta', 'GA', '30303', '2023-03-15'),
(1009, 'Michael', 'Miller', 'michael.miller@company.com', '5552223333', '753 walnut st floor 3', 'Denver', 'CO', '80202', '2023-01-30'),
(1010, 'Amanda', 'Garcia', 'amanda.garcia@yahoo.com', '555-888-9999', '426 spruce ave building b', 'Phoenix', 'AZ', '85001', '2023-04-12'),
(1011, 'Christopher', 'Rodriguez', 'chris.rod@email.com', '555-333-4444', '852 cherry lane', 'Dallas', 'TX', '75201', '2023-05-01'),
(1012, 'Jessica', 'Martinez', 'jess.martinez@gmail.com', '5556667777', '963 magnolia st', 'Philadelphia', 'PA', '19102', '2023-05-18'),
(1013, 'Daniel', 'Hernandez', 'dan.h@company.net', '(555) 222-1111', '147 willow way', 'San Antonio', 'TX', '78201', '2023-06-22'),
(1014, 'Ashley', 'Lopez', 'ashley.lopez@yahoo.com', NULL, '258 poplar drive', 'San Diego', 'CA', '92101', '2023-07-05'),
(1015, 'Matthew', 'Gonzalez', 'matt.gonzalez@email.com', '555-777-8888', '', 'Detroit', 'MI', '48201', '2023-08-12'),
(1016, 'Michelle', 'Wilson', 'michelle.wilson@outlook.com', '5554445555', '369 aspen court', 'San Jose', 'CA', '95101', '2023-09-25'),
(1017, 'James', 'Anderson', 'james.anderson@gmail.com', '555-111-3333', '741 hickory st', 'Austin', 'TX', '73301', '2023-10-30'),
(1018, 'Stephanie', 'Thomas', 'stephanie.thomas@email.com', '(555) 888-4444', '852 redwood road', 'Jacksonville', 'FL', '32201', '2023-11-08'),
(1019, 'Kevin', 'Jackson', 'kevin.jackson@company.com', '5559990000', '963 sycamore ave', 'Fort Worth', 'TX', '76101', '2023-12-15'),
(1020, 'Laura', 'White', 'laura.white@gmail.com', '555-222-6666', '147 cypress lane', 'Columbus', 'OH', '43201', '2024-01-10'),
(1021, 'Brian', 'Harris', 'brian.harris@email.com', NULL, '258 juniper way', 'Charlotte', 'NC', '28201', '2024-01-22'),
(1022, 'Nicole', 'Clark', 'nicole.clark@yahoo.com', '5553337777', '369 sequoia drive', 'Indianapolis', 'IN', '46201', '2024-02-05'),
(1023, 'Steven', 'Lewis', 'steven.lewis@gmail.com', '555-888-1111', '', 'San Francisco', 'CA', '94101', '2024-02-18'),
(1024, 'Rebecca', 'Robinson', 'rebecca.robinson@outlook.com', '(555) 444-9999', '741 palm street', 'Seattle', 'WA', '98102', '2024-03-01'),
(1025, 'Timothy', 'Walker', 'tim.walker@company.com', '5556662222', '852 bamboo court', 'Denver', 'CO', '80203', '2024-03-14'),
(1026, 'Kimberly', 'Perez', 'kim.perez@gmail.com', '555-111-7777', '963 olive road', 'Washington', 'DC', '20001', '2024-03-27'),
(1027, 'Jeffrey', 'Hall', 'jeff.hall@email.com', '5557773333', '147 laurel way', 'Boston', 'MA', '02109', '2024-04-05'),
(1028, 'Samantha', 'Young', 'samantha.young@yahoo.com', NULL, '258 acorn drive', 'Nashville', 'TN', '37201', '2024-04-18'),
(1029, 'Gary', 'Allen', 'gary.allen@gmail.com', '5558885555', '369 chestnut st', 'Baltimore', 'MD', '21201', '2024-05-02'),
(1030, 'Heather', 'King', 'heather.king@outlook.com', '(555) 333-8888', '', 'Memphis', 'TN', '38101', '2024-05-15'),
(1031, 'Eric', 'Wright', 'eric.wright@company.com', '5554446666', '741 pecan avenue', 'Portland', 'OR', '97201', '2024-05-28'),
(1032, 'Rachel', 'Scott', 'rachel.scott@gmail.com', '5559994444', '852 mahogany lane', 'Oklahoma City', 'OK', '73101', '2024-06-10'),
(1033, 'Jacob', 'Green', 'jacob.green@email.com', '555-222-4444', '963 ebony road', 'Las Vegas', 'NV', '89101', '2024-06-23'),
(1034, 'Melissa', 'Baker', 'melissa.baker@yahoo.com', NULL, '147 ivory way', 'Milwaukee', 'WI', '53201', '2024-07-06'),
(1035, 'Aaron', 'Adams', 'aaron.adams@gmail.com', '5557779999', '258 coral drive', 'Albuquerque', 'NM', '87101', '2024-07-19'),
(1036, 'Tiffany', 'Nelson', 'tiffany.nelson@outlook.com', '(555) 888-6666', '', 'Tucson', 'AZ', '85701', '2024-08-01'),
(1037, 'Scott', 'Carter', 'scott.carter@company.com', '5556668888', '369 pearl street', 'Fresno', 'CA', '93701', '2024-08-14'),
(1038, 'Amy', 'Mitchell', 'amy.mitchell@gmail.com', '5554443333', '741 ruby court', 'Sacramento', 'CA', '95801', '2024-08-27'),
(1039, 'Mark', 'Parker', 'mark.parker@email.com', '5559997777', '852 emerald road', 'Kansas City', 'MO', '64101', '2024-09-09'),
(1040, 'Angela', 'Evans', 'angela.evans@yahoo.com', NULL, '963 diamond way', 'Atlanta', 'GA', '30304', '2024-09-22'),
(1041, 'Gregory', 'Edwards', 'greg.edwards@gmail.com', '5557772222', '147 platinum drive', 'Miami', 'FL', '33133', '2024-10-05'),
(1042, 'Christina', 'Collins', 'christina.collins@outlook.com', '(555) 333-5555', '258 gold street', 'Raleigh', 'NC', '27601', '2024-10-18'),
(1043, 'Patrick', 'Stewart', 'patrick.stewart@company.com', '5558887777', '', 'Omaha', 'NE', '68101', '2024-11-01'),
(1044, 'Kelly', 'Sanchez', 'kelly.sanchez@gmail.com', '5556664444', '369 silver lane', 'Minneapolis', 'MN', '55401', '2024-11-14'),
(1045, 'Justin', 'Morris', 'justin.morris@email.com', '5554448888', '741 bronze road', 'Wichita', 'KS', '67201', '2024-11-27'),
(1046, 'Mary', 'Rogers', 'mary.rogers@yahoo.com', NULL, '852 copper way', 'Arlington', 'TX', '76001', '2024-12-10'),
(1047, 'Joshua', 'Reed', 'joshua.reed@gmail.com', '5557776666', '963 steel drive', 'New Orleans', 'LA', '70112', '2024-12-23'),
(1048, 'Amber', 'Cook', 'amber.cook@outlook.com', '(555) 888-3333', '147 iron street', 'Cleveland', 'OH', '44101', '2025-01-05'),
(1049, 'Ryan', 'Morgan', 'ryan.morgan@company.com', '5556665555', '', 'Virginia Beach', 'VA', '23450', '2025-01-18'),
(1050, 'Danielle', 'Bell', 'danielle.bell@gmail.com', '5554442222', '258 aluminum court', 'Tampa', 'FL', '33601', '2025-01-31');







INSERT INTO Stage.stg_restaurants (restaurant_id, restaurant_name, cuisine_type, address, city, state, zip_code, phone, email, is_active) VALUES
(2001, 'Mario''s Pizzeria', 'Italian', '123 italian way', 'New York', 'NY', '10002', '555-111-0001', 'marios@pizzeria.com', 1),
(2002, 'Dragon Palace', 'Chinese', '456 chinatown st', 'CHICAGO', 'IL', '60617', '(555) 222-0002', 'contact@dragonpalace.com', 1),
(2003, 'Burger Haven', 'American', '789 burger blvd', 'Los Angeles', 'CA', '90016', '5553330003', 'info@burgerhaven.net', 0),
(2004, 'Taco Fiesta', 'Mexican', '321 mexican ave', 'Miami', 'FL', '33133', NULL, 'taco.fiesta@email.com', 1),
(2005, 'Sushi Zen', 'Japanese', '654 japan st', 'Houston', 'TX', '77003', '555-444-0004', 'sushizen@restaurant.com', 1),
(2006, 'Curry House', 'Indian', '987 spice rd', 'Seattle', 'WA', '98102', '555-555-0005', 'curryhouse@gmail.com', 1),
(2007, 'Le French Cafe', 'French', '159 paris st', 'Boston', 'MA', '02109', '5556660006', 'lefrenchcafe@outlook.com', 1),
(2008, 'Mediterranean Grill', 'Mediterranean', '753 olive way', 'Atlanta', 'GA', '30304', '555-777-0007', 'medgrill@company.com', 0),
(2009, 'BBQ King', 'Barbecue', '426 smokehouse ln', 'Denver', 'CO', '80203', '5558880008', 'bbqking@restaurant.net', 1),
(2010, 'Vegan Delight', 'Vegetarian', '852 green st', 'Phoenix', 'AZ', '85002', '555-999-0009', 'vegandelight@email.com', 1),
(2011, 'Pasta Paradise', 'Italian', '963 roma avenue', 'Philadelphia', 'PA', '19103', '5551110010', 'pastaparadise@email.com', 1),
(2012, 'Golden Wok', 'Chinese', '147 bamboo road', 'San Antonio', 'TX', '78202', '(555) 222-0011', 'goldenwok@restaurant.com', 1),
(2013, 'Steak Supreme', 'American', '258 beef street', 'San Diego', 'CA', '92102', '5553330012', 'steaksupreme@company.net', 1),
(2014, 'Burrito Express', 'Mexican', '369 salsa lane', 'Dallas', 'TX', '75202', NULL, 'burritoexpress@email.com', 1),
(2015, 'Tokyo Sushi', 'Japanese', '741 wasabi way', 'San Jose', 'CA', '95102', '5554440013', 'tokyosushi@restaurant.com', 1),
(2016, 'Spice Garden', 'Indian', '852 curry court', 'Austin', 'TX', '73302', '555-555-0014', 'spicegarden@gmail.com', 1),
(2017, 'Paris Bistro', 'French', '963 eiffel road', 'Jacksonville', 'FL', '32202', '5556660015', 'parisbistro@outlook.com', 0),
(2018, 'Olive Grove', 'Mediterranean', '147 hummus street', 'Fort Worth', 'TX', '76102', '555-777-0016', 'olivegrove@company.com', 1),
(2019, 'Smokehouse', 'Barbecue', '258 ribs avenue', 'Columbus', 'OH', '43202', '5558880017', 'smokehouse@restaurant.net', 1),
(2020, 'Green Leaf', 'Vegetarian', '369 tofu lane', 'Charlotte', 'NC', '28202', '555-999-0018', 'greenleaf@email.com', 1),
(2021, 'Roma Italian', 'Italian', '741 venice way', 'Indianapolis', 'IN', '46202', '5551110019', 'romaitalian@email.com', 1),
(2022, 'Peking Duck', 'Chinese', '852 panda road', 'San Francisco', 'CA', '94102', '(555) 222-0020', 'pekingduck@restaurant.com', 1),
(2023, 'Diner Classic', 'American', '963 malt street', 'Seattle', 'WA', '98103', '5553330021', 'dinerclassic@company.net', 0),
(2024, 'Mexican Grill', 'Mexican', '147 chili way', 'Washington', 'DC', '20002', NULL, 'mexicangrill@email.com', 1),
(2025, 'Osaka Sushi', 'Japanese', '258 miso court', 'Boston', 'MA', '02110', '5554440022', 'osakasushi@restaurant.com', 1),
(2026, 'Bombay Kitchen', 'Indian', '369 tikka road', 'Nashville', 'TN', '37202', '555-555-0023', 'bombaykitchen@gmail.com', 1),
(2027, 'Lyon Cafe', 'French', '741 baguette street', 'Baltimore', 'MD', '21202', '5556660024', 'lyoncafe@outlook.com', 1),
(2028, 'Athens Grill', 'Mediterranean', '852 gyro avenue', 'Memphis', 'TN', '38102', '555-777-0025', 'athensgrill@company.com', 0),
(2029, 'Texas BBQ', 'Barbecue', '963 brisket lane', 'Portland', 'OR', '97202', '5558880026', 'texasbbq@restaurant.net', 1),
(2030, 'Plant Power', 'Vegetarian', '147 quinoa way', 'Oklahoma City', 'OK', '73102', '555-999-0027', 'plantpower@email.com', 1),
(2031, 'Napoli Pizza', 'Italian', '258 mozzarella road', 'Las Vegas', 'NV', '89102', '5551110028', 'napolipizza@email.com', 1),
(2032, 'Shanghai Express', 'Chinese', '369 noodle street', 'Milwaukee', 'WI', '53202', '(555) 222-0029', 'shanghaiexpress@restaurant.com', 1),
(2033, 'Burger Joint', 'American', '741 fry avenue', 'Albuquerque', 'NM', '87102', '5553330030', 'burgerjoint@company.net', 1),
(2034, 'Cancun Tacos', 'Mexican', '852 guacamole court', 'Tucson', 'AZ', '85702', NULL, 'cancuntacos@email.com', 1),
(2035, 'Kyoto Sushi', 'Japanese', '963 tempura way', 'Fresno', 'CA', '93702', '5554440031', 'kyotosushi@restaurant.com', 1),
(2036, 'Delhi Darbar', 'Indian', '147 naan road', 'Sacramento', 'CA', '95802', '555-555-0032', 'delhidarbar@gmail.com', 1),
(2037, 'Marseille Bistro', 'French', '258 croissant street', 'Kansas City', 'MO', '64102', '5556660033', 'marseillebistro@outlook.com', 0),
(2038, 'Istanbul Cafe', 'Mediterranean', '369 kebab avenue', 'Atlanta', 'GA', '30305', '555-777-0034', 'istanbulcafe@company.com', 1),
(2039, 'Carolina BBQ', 'Barbecue', '741 pulledpork lane', 'Miami', 'FL', '33134', '5558880035', 'carolinabbq@restaurant.net', 1),
(2040, 'Vegan Vibes', 'Vegetarian', '852 avocado way', 'Raleigh', 'NC', '27602', '555-999-0036', 'veganvibes@email.com', 1),
(2041, 'Sicilian Kitchen', 'Italian', '963 pasta road', 'Omaha', 'NE', '68102', '5551110037', 'siciliankitchen@email.com', 1),
(2042, 'Hong Kong Cafe', 'Chinese', '147 dimsum street', 'Minneapolis', 'MN', '55402', '(555) 222-0038', 'hongkongcafe@restaurant.com', 1),
(2043, 'All American', 'American', '258 burger court', 'Wichita', 'KS', '67202', '5553330039', 'allamerican@company.net', 0),
(2044, 'Guadalajara', 'Mexican', '369 tortilla way', 'Arlington', 'TX', '76002', NULL, 'guadalajara@email.com', 1),
(2045, 'Sapporo Sushi', 'Japanese', '741 sashimi road', 'New Orleans', 'LA', '70113', '5554440040', 'sapporosushi@restaurant.com', 1),
(2046, 'Madras Cafe', 'Indian', '852 masala street', 'Cleveland', 'OH', '44102', '555-555-0041', 'madrascafe@gmail.com', 1),
(2047, 'Provence Bistro', 'French', '963 provencal avenue', 'Virginia Beach', 'VA', '23451', '5556660042', 'provencebistro@outlook.com', 1),
(2048, 'Casablanca Grill', 'Mediterranean', '147 couscous lane', 'Tampa', 'FL', '33602', '555-777-0043', 'casablancagrill@company.com', 0),
(2049, 'Memphis BBQ', 'Barbecue', '258 smokey road', 'Phoenix', 'AZ', '85003', '5558880044', 'memphisbbq@restaurant.net', 1),
(2050, 'Fresh Roots', 'Vegetarian', '369 sprout way', 'Denver', 'CO', '80204', '555-999-0045', 'freshroots@email.com', 1);




INSERT INTO Stage.stg_menu_items (menu_item_id, restaurant_id, item_name, item_description, category, price, is_available, preparation_time, calories) VALUES
(3001, 2001, 'Margherita Pizza', 'Classic pizza with tomato sauce and mozzarella', 'Pizza', 12.99, 1, 15, 850),
(3002, 2001, 'Pepperoni Pizza', 'Pizza with pepperoni and cheese', 'Pizza', 14.99, 1, 15, 920),
(3003, 2001, 'Vegetarian Pizza', 'Pizza with mixed vegetables', 'Pizza', 13.99, 1, 16, 780),
(3004, 2001, 'Garlic Bread', 'Fresh baked garlic bread', 'Appetizer', 4.99, 1, 5, 320),
(3005, 2001, 'Caesar Salad', 'Fresh salad with caesar dressing', 'Salad', 8.99, 0, 7, 450),
(3006, 2002, 'Kung Pao Chicken', 'Spicy chicken with peanuts and vegetables', 'Main Course', 13.50, 1, 12, 650),
(3007, 2002, 'Fried Rice', 'Traditional Chinese fried rice', 'Side Dish', 8.99, 1, 8, 450),
(3008, 2002, 'Spring Rolls', 'Crispy vegetable spring rolls', 'Appetizer', 5.99, 1, 6, 280),
(3009, 2002, 'Sweet and Sour Pork', 'Pork in sweet and sour sauce', 'Main Course', 12.99, 1, 10, 580),
(3010, 2002, 'Hot and Sour Soup', 'Spicy and sour soup', 'Soup', 4.99, 1, 5, 180),
(3011, 2003, 'Classic Burger', 'Beef burger with lettuce and tomato', 'Burgers', 9.99, 0, 10, 780),
(3012, 2003, 'Cheeseburger', 'Burger with cheese and special sauce', 'Burgers', 10.99, 1, 10, 820),
(3013, 2003, 'Bacon Burger', 'Burger with crispy bacon', 'Burgers', 11.99, 1, 12, 950),
(3014, 2003, 'French Fries', 'Crispy golden fries', 'Side', 3.99, 1, 5, 400),
(3015, 2003, 'Onion Rings', 'Battered onion rings', 'Side', 4.99, 1, 6, 420),
(3016, 2004, 'Beef Tacos', 'Three beef tacos with toppings', 'Tacos', 11.99, 1, 8, 550),
(3017, 2004, 'Guacamole', 'Fresh avocado dip', 'Appetizer', 5.99, 1, 5, 320),
(3018, 2004, 'Chicken Quesadilla', 'Grilled chicken quesadilla', 'Main Course', 10.99, 1, 9, 680),
(3019, 2004, 'Nachos Supreme', 'Loaded nachos with toppings', 'Appetizer', 8.99, 1, 7, 720),
(3020, 2004, 'Churros', 'Sweet cinnamon sticks', 'Dessert', 4.99, 0, 4, 380),
(3021, 2005, 'California Roll', 'Crab, avocado, cucumber roll', 'Sushi', 6.99, 1, 7, 300),
(3022, 2005, 'Salmon Nigiri', 'Fresh salmon over rice', 'Sushi', 4.99, 1, 5, 180),
(3023, 2005, 'Spicy Tuna Roll', 'Spicy tuna with cucumber', 'Sushi', 7.99, 1, 8, 320),
(3024, 2005, 'Miso Soup', 'Traditional Japanese soup', 'Soup', 2.99, 1, 3, 80),
(3025, 2005, 'Edamame', 'Steamed soybeans', 'Appetizer', 3.99, 1, 4, 120),
(3026, 2006, 'Chicken Tikka Masala', 'Grilled chicken in creamy tomato sauce', 'Curry', 14.99, 1, 18, 720),
(3027, 2006, 'Garlic Naan', 'Traditional Indian bread with garlic', 'Bread', 3.99, 1, 5, 250),
(3028, 2006, 'Butter Chicken', 'Chicken in buttery tomato sauce', 'Curry', 15.99, 1, 16, 780),
(3029, 2006, 'Samosa', 'Spiced potato pastry', 'Appetizer', 4.99, 1, 6, 280),
(3030, 2006, 'Basmati Rice', 'Fragrant long grain rice', 'Side', 3.99, 1, 4, 200),
(3031, 2007, 'Croissant', 'Fresh baked French croissant', 'Bakery', 2.99, 1, 2, 280),
(3032, 2007, 'Quiche Lorraine', 'Classic French egg and bacon pie', 'Main Course', 8.99, 0, 12, 420),
(3033, 2007, 'French Onion Soup', 'Caramelized onion soup with cheese', 'Soup', 6.99, 1, 10, 320),
(3034, 2007, 'Chicken Cordon Bleu', 'Breaded chicken with ham and cheese', 'Main Course', 16.99, 1, 20, 850),
(3035, 2007, 'Chocolate Eclair', 'Cream filled pastry', 'Dessert', 4.99, 1, 3, 380),
(3036, 2008, 'Hummus Plate', 'Chickpea dip with pita bread', 'Appetizer', 7.99, 1, 5, 380),
(3037, 2008, 'Falafel Wrap', 'Crispy falafel in pita bread', 'Sandwiches', 9.99, 1, 8, 520),
(3038, 2008, 'Greek Salad', 'Fresh vegetables with feta cheese', 'Salad', 8.99, 1, 6, 350),
(3039, 2008, 'Shish Kebab', 'Grilled meat skewers', 'Main Course', 14.99, 0, 15, 680),
(3040, 2008, 'Baklava', 'Sweet pastry with nuts', 'Dessert', 5.99, 1, 2, 420),
(3041, 2009, 'Pulled Pork Sandwich', 'Slow-cooked pork barbecue sandwich', 'Sandwiches', 11.99, 1, 8, 680),
(3042, 2009, 'BBQ Ribs', 'Tender pork ribs with sauce', 'Main Course', 18.99, 1, 25, 920),
(3043, 2009, 'Coleslaw', 'Creamy cabbage salad', 'Side', 3.99, 1, 3, 180),
(3044, 2009, 'Baked Beans', 'Sweet and savory beans', 'Side', 4.99, 1, 4, 220),
(3045, 2009, 'Cornbread', 'Sweet corn bread', 'Bread', 2.99, 1, 5, 280),
(3046, 2010, 'Vegan Burger', 'Plant-based burger with vegan cheese', 'Burgers', 10.99, 1, 7, 450),
(3047, 2010, 'Kale Salad', 'Fresh kale with lemon dressing', 'Salads', 8.99, 1, 5, 220),
(3048, 2010, 'Quinoa Bowl', 'Protein-packed quinoa bowl', 'Bowls', 12.99, 1, 8, 480),
(3049, 2010, 'Avocado Toast', 'Toast with mashed avocado', 'Breakfast', 7.99, 1, 4, 320),
(3050, 2010, 'Smoothie Bowl', 'Fruit smoothie in a bowl', 'Breakfast', 9.99, 0, 6, 380),
(3051, 2011, 'Spaghetti Carbonara', 'Pasta with egg and pancetta', 'Pasta', 13.99, 1, 12, 680),
(3052, 2011, 'Lasagna', 'Layered pasta with meat sauce', 'Pasta', 15.99, 1, 18, 820),
(3053, 2011, 'Tiramisu', 'Coffee-flavored dessert', 'Dessert', 6.99, 1, 3, 420),
(3054, 2011, 'Minestrone Soup', 'Vegetable soup with pasta', 'Soup', 5.99, 1, 8, 280),
(3055, 2011, 'Bruschetta', 'Toasted bread with tomatoes', 'Appetizer', 6.99, 1, 5, 240);










INSERT INTO Stage.stg_orders (order_id, customer_id, restaurant_id, order_date, order_status, total_amount, delivery_address, payment_method, payment_status, delivery_instructions) VALUES
(4001, 1001, 2001, '2024-01-15 18:30:00', 'delivered', 27.98, '123 main st', 'Credit Card', 'Paid', 'Leave at door'),
(4002, 1002, 2002, '2024-01-16 19:15:00', 'delivered', 22.49, '456 oak avenue', 'PayPal', 'Paid', 'Ring bell twice'),
(4003, 1003, 2003, '2024-01-17 12:45:00', 'cancelled', 19.98, '789 pine rd', 'Credit Card', 'Refunded', 'Call upon arrival'),
(4004, 1004, 2004, '2024-01-18 20:00:00', 'delivered', 17.98, '321 elm street apt 4b', 'Cash', 'Pending', 'Gate code 1234'),
(4005, 1005, 2005, '2024-01-19 13:30:00', 'preparing', 11.98, '', 'Credit Card', 'Paid', 'Office delivery - front desk'),
(4006, 1006, 2006, '2024-01-20 19:45:00', 'delivered', 18.98, '654 maple drive unit 12', 'Credit Card', 'Paid', NULL),
(4007, 1007, 2007, '2024-01-21 08:15:00', 'delivered', 11.97, '987 cedar ln', 'Cash', 'Pending', 'Breakfast order - urgent'),
(4008, 1008, 2008, '2024-01-22 14:20:00', 'cancelled', 7.99, '159 birch way', 'PayPal', 'Refunded', 'No onions please'),
(4009, 1009, 2009, '2024-01-23 18:00:00', 'delivered', 11.99, '753 walnut st floor 3', 'Credit Card', 'Paid', 'Extra sauce'),
(4010, 1010, 2010, '2024-01-24 19:30:00', 'preparing', 19.98, '426 spruce ave building b', 'Credit Card', 'Paid', 'Vegetarian - no meat products'),
(4011, 1001, 2001, '2024-01-25 17:45:00', 'delivered', 14.99, '123 main st', 'Credit Card', 'Paid', 'Same as last time'),
(4012, 1002, 2002, '2024-01-26 20:15:00', 'delivered', 31.47, '456 oak avenue', 'PayPal', 'Paid', 'Family dinner'),
(4013, 1004, 2005, '2024-01-27 13:00:00', 'delivered', 16.97, '321 elm street apt 4b', 'Credit Card', 'Paid', 'Lunch meeting'),
(4014, 1006, 2007, '2024-01-28 09:30:00', 'delivered', 8.97, '654 maple drive unit 12', 'Cash', 'Pending', 'Quick delivery needed'),
(4015, 1009, 2010, '2024-01-29 18:45:00', 'preparing', 10.99, '753 walnut st floor 3', 'Credit Card', 'Paid', 'Allergic to nuts')
;